Epoch,Train Loss,Val Loss,Train MSE,Val MSE,Train MAE,Val MAE,Test MSE,Loss Gap (Val-Train),Epoch Time (s)
1,0.08595103025436401,0.05182638764381409,0.08595103025436401,0.05182638764381409,0.15301868319511414,0.11779412627220154,0.05198414474521991,-0.03412464261054993,1.5221037864685059
2,0.040625277906656265,0.03468654677271843,0.040625277906656265,0.03468654677271843,0.0966077521443367,0.08578374236822128,0.037361538488176464,-0.005938731133937836,0.41093015670776367
3,0.030193191021680832,0.029414258897304535,0.030193191021680832,0.029414258897304535,0.07547303289175034,0.07238112390041351,0.031461536128697086,-0.000778932124376297,0.46733665466308594
4,0.02577953040599823,0.026960339397192,0.02577953040599823,0.026960339397192,0.06640844792127609,0.06713210046291351,0.03055095649695049,0.0011808089911937714,0.4749133586883545
5,0.023475199937820435,0.02508573979139328,0.023475199937820435,0.02508573979139328,0.061272747814655304,0.06338497996330261,0.027316971559706436,0.0016105398535728455,0.4526526927947998
6,0.021657101809978485,0.02384541928768158,0.021657101809978485,0.02384541928768158,0.057677946984767914,0.06106862798333168,0.027661414133545063,0.0021883174777030945,0.40706443786621094
7,0.02049723081290722,0.023612510412931442,0.02049723081290722,0.023612510412931442,0.05499744787812233,0.0605936199426651,0.030202130713841,0.0031152796000242233,0.37003421783447266
8,0.019562071189284325,0.022647811099886894,0.019562071189284325,0.022647811099886894,0.05286776274442673,0.058164410293102264,0.029238252793286595,0.0030857399106025696,0.38677263259887695
9,0.018729789182543755,0.021845156326889992,0.018729789182543755,0.021845156326889992,0.051147911697626114,0.05551134794950485,0.028823317417905878,0.003115367144346237,0.42240428924560547
10,0.017941446974873543,0.020854879170656204,0.017941446974873543,0.020854879170656204,0.049359459429979324,0.05358220636844635,0.026739425141899018,0.0029134321957826614,0.43431687355041504
11,0.01780281402170658,0.021307198330760002,0.01780281402170658,0.021307198330760002,0.048945385962724686,0.05512218549847603,0.028391472883796728,0.003504384309053421,0.42968249320983887
12,0.016923101618885994,0.020376717671751976,0.016923101618885994,0.020376717671751976,0.04709978774189949,0.05285387486219406,0.02802335048378836,0.003453616052865982,0.666356086730957
13,0.01610647886991501,0.02050055004656315,0.01610647886991501,0.02050055004656315,0.0455537885427475,0.05225515738129616,0.027508883951469335,0.00439407117664814,0.40160083770751953
14,0.016072846949100494,0.02058596909046173,0.016072846949100494,0.02058596909046173,0.045296475291252136,0.05282960832118988,0.028050975918741915,0.004513122141361237,0.42900991439819336
15,0.015893902629613876,0.021121982485055923,0.015893902629613876,0.021121982485055923,0.04494025558233261,0.05313119664788246,0.02985330309547039,0.005228079855442047,0.4273533821105957
16,0.016121113672852516,0.019931621849536896,0.016121113672852516,0.019931621849536896,0.04505062848329544,0.0509372279047966,0.02846641167436252,0.0038105081766843796,0.41747355461120605
17,0.01570194959640503,0.020372534170746803,0.01570194959640503,0.020372534170746803,0.04413341358304024,0.05120771378278732,0.029422623058889607,0.004670584574341774,0.3905200958251953
18,0.01515292003750801,0.020736122503876686,0.01515292003750801,0.020736122503876686,0.04318191856145859,0.05010271444916725,0.02662347438090096,0.005583202466368675,0.3980734348297119
19,0.015090719796717167,0.020284168422222137,0.015090719796717167,0.020284168422222137,0.04299120977520943,0.05012553185224533,0.027778352785429044,0.0051934486255049706,0.3880274295806885
20,0.01458107028156519,0.020105360075831413,0.01458107028156519,0.020105360075831413,0.04202013835310936,0.049749258905649185,0.02764510505894955,0.005524289794266224,0.4281017780303955
21,0.014244385063648224,0.0198049396276474,0.014244385063648224,0.0198049396276474,0.04132866859436035,0.049482300877571106,0.028355059949892993,0.005560554563999176,0.4449121952056885
22,0.014507601037621498,0.020863670855760574,0.014507601037621498,0.020863670855760574,0.04160454124212265,0.05057816579937935,0.03058789941821146,0.006356069818139076,0.4375162124633789
23,0.014671108685433865,0.02037028968334198,0.014671108685433865,0.02037028968334198,0.04182600975036621,0.04958425089716911,0.030233485308922114,0.005699180997908115,0.42620110511779785
24,0.014639642089605331,0.019727885723114014,0.014639642089605331,0.019727885723114014,0.04175040125846863,0.048338882625103,0.028135968969385236,0.005088243633508682,0.4118528366088867
25,0.014580766670405865,0.022104384377598763,0.014580766670405865,0.022104384377598763,0.041535090655088425,0.05204353109002113,0.030689275088908362,0.007523617707192898,0.4101138114929199
26,0.015119556337594986,0.020657047629356384,0.015119556337594986,0.020657047629356384,0.04243921488523483,0.049811042845249176,0.03140924813171577,0.005537491291761398,0.43406081199645996
27,0.01479952223598957,0.019968906417489052,0.01479952223598957,0.019968906417489052,0.041722964495420456,0.04863595962524414,0.02971103552662155,0.005169384181499481,0.4314615726470947
28,0.014189617708325386,0.02024671621620655,0.014189617708325386,0.02024671621620655,0.04067053645849228,0.049504924565553665,0.03057265698232378,0.0060570985078811646,0.44716858863830566
29,0.013489012606441975,0.01974097080528736,0.013489012606441975,0.01974097080528736,0.039471738040447235,0.048951324075460434,0.03236126423000369,0.0062519581988453865,0.4373514652252197
30,0.013800248503684998,0.02079795114696026,0.013800248503684998,0.02079795114696026,0.039984866976737976,0.04984741285443306,0.03378360408842563,0.006997702643275261,0.43394970893859863
31,0.014028053730726242,0.021664120256900787,0.014028053730726242,0.021664120256900787,0.04020044207572937,0.050857458263635635,0.031748074373647406,0.007636066526174545,0.421215295791626
32,0.013947471976280212,0.02025330252945423,0.013947471976280212,0.02025330252945423,0.04005512222647667,0.04868816211819649,0.02845987410796788,0.006305830553174019,0.41521239280700684
33,0.0137538593262434,0.020507173612713814,0.0137538593262434,0.020507173612713814,0.03965960443019867,0.049437932670116425,0.031743567445188484,0.006753314286470413,0.4630749225616455
34,0.014250285923480988,0.020726829767227173,0.014250285923480988,0.020726829767227173,0.04035324975848198,0.05051662400364876,0.03352606072747442,0.006476543843746185,0.45479536056518555
35,0.013981642201542854,0.020289795473217964,0.013981642201542854,0.020289795473217964,0.03988858312368393,0.04909425228834152,0.03208925381955816,0.00630815327167511,0.4359452724456787
36,0.013764142990112305,0.02092282846570015,0.013764142990112305,0.02092282846570015,0.039547331631183624,0.050297852605581284,0.03594046276168031,0.007158685475587845,0.43131327629089355
37,0.013718227855861187,0.021317187696695328,0.013718227855861187,0.021317187696695328,0.03936108946800232,0.05071772634983063,0.036615851758428214,0.007598959840834141,0.40459203720092773
38,0.01363340299576521,0.019677728414535522,0.01363340299576521,0.019677728414535522,0.039219897240400314,0.04842474311590195,0.032934902941758264,0.006044325418770313,0.42165112495422363
39,0.013153606094419956,0.02031772956252098,0.013153606094419956,0.02031772956252098,0.038441095501184464,0.04942677542567253,0.034074618643579704,0.007164123468101025,0.41481685638427734
40,0.013485152274370193,0.020289169624447823,0.013485152274370193,0.020289169624447823,0.03893579915165901,0.048646681010723114,0.030993935517666504,0.006804017350077629,0.42540955543518066
41,0.013407176360487938,0.02051733247935772,0.013407176360487938,0.02051733247935772,0.03873240575194359,0.04918914660811424,0.03255078014307552,0.0071101561188697815,0.41316890716552734
42,0.013021151535212994,0.020984215661883354,0.013021151535212994,0.020984215661883354,0.03808212652802467,0.04934447258710861,0.032077724145843735,0.00796306412667036,0.4197821617126465
43,0.01294105127453804,0.02036673203110695,0.01294105127453804,0.02036673203110695,0.03801833838224411,0.04888267070055008,0.03298567114259071,0.007425680756568909,0.4241960048675537
44,0.013096579350531101,0.020174546167254448,0.013096579350531101,0.020174546167254448,0.03812958300113678,0.04854153096675873,0.032643696851842,0.007077966816723347,0.4119746685028076
45,0.01306880172342062,0.020247716456651688,0.01306880172342062,0.020247716456651688,0.03806043788790703,0.048547565937042236,0.03004405858398278,0.007178914733231068,0.438443660736084
46,0.013552933000028133,0.021654926240444183,0.013552933000028133,0.021654926240444183,0.03871489316225052,0.05033068731427193,0.034021562634259456,0.00810199324041605,0.4051339626312256
47,0.013518951833248138,0.02181217633187771,0.013518951833248138,0.02181217633187771,0.03868233412504196,0.05047651752829552,0.0355720038110063,0.00829322449862957,0.4056522846221924
48,0.013405881822109222,0.020412970334291458,0.013405881822109222,0.020412970334291458,0.0385156124830246,0.04862270876765251,0.031437575082825304,0.007007088512182236,0.3872256278991699
49,0.013380493968725204,0.02091520093381405,0.013380493968725204,0.02091520093381405,0.038473259657621384,0.048913292586803436,0.030466828337510174,0.007534706965088844,0.43111753463745117
50,0.013709908351302147,0.022270945832133293,0.013709908351302147,0.022270945832133293,0.03888747841119766,0.0509171336889267,0.03219770297145409,0.008561037480831146,0.40483522415161133
